Class,Precision,Recall,F1-Score,Accuracy,Best Val Loss,True Negatives,specificity,sensitivity,False Positives,False Negatives,True Positives
nv,0.9600840336134454,0.5033039647577092,0.6604046242774566,0.47915287888815355,1.1012626886367798,584,0.9684908789386402,0.5033039647577092,19,451,457
mel,0.23719165085388993,0.7309941520467836,0.35816618911174786,0.47915287888815355,1.1012626886367798,938,0.7,0.7309941520467836,402,46,125
bkl,0.3113207547169811,0.30414746543778803,0.30769230769230765,0.47915287888815355,1.1012626886367798,1148,0.8871715610510046,0.30414746543778803,146,151,66
bcc,0.3103448275862069,0.2903225806451613,0.30000000000000004,0.47915287888815355,1.1012626886367798,1358,0.9576868829337094,0.2903225806451613,60,66,27
akiec,0.14942528735632185,0.3023255813953488,0.19999999999999998,0.47915287888815355,1.1012626886367798,1394,0.9495912806539509,0.3023255813953488,74,30,13
vasc,0.4888888888888889,0.6285714285714286,0.5499999999999999,0.47915287888815355,1.1012626886367798,1453,0.9844173441734417,0.6285714285714286,23,13,22
df,0.18181818181818182,0.3181818181818182,0.23140495867768596,0.47915287888815355,1.1012626886367798,1404,0.9570552147239264,0.3181818181818182,63,30,14
