Class,Precision,Recall,F1-Score,Accuracy,Best Val Loss,True Negatives,specificity,sensitivity,False Positives,False Negatives,True Positives
Normal,0.9521829521829522,0.8989205103042198,0.9247854618879354,0.9239130434782609,0.18807508051395416,1051,0.9580674567000912,0.8989205103042198,46,103,916
Lung_Opacity,0.8540706605222734,0.9251247920133111,0.8881789137380192,0.9239130434782609,0.18807508051395416,1420,0.9372937293729373,0.9251247920133111,95,45,556
COVID,0.9566395663956639,0.9751381215469613,0.9658002735978112,0.9239130434782609,0.18807508051395416,1738,0.9908779931584949,0.9751381215469613,16,9,353
Viral_Pneumonia,0.9701492537313433,0.9701492537313433,0.9701492537313433,0.9239130434782609,0.18807508051395416,1978,0.9979818365287588,0.9701492537313433,4,4,130
